timestamp,sandboxLog,lambdaLog
22700,"
Orders for product VELVETFRUIT_EXTRACT exceeded limit of 200 set",
22800,"
Orders for product VELVETFRUIT_EXTRACT exceeded limit of 200 set",
23100,"
Orders for product VELVETFRUIT_EXTRACT exceeded limit of 200 set",
23200,"
Orders for product VELVETFRUIT_EXTRACT exceeded limit of 200 set",
23300,"
Orders for product VELVETFRUIT_EXTRACT exceeded limit of 200 set",
23400,"
Orders for product VELVETFRUIT_EXTRACT exceeded limit of 200 set",
24400,"
Orders for product VELVETFRUIT_EXTRACT exceeded limit of 200 set",
25000,"
Orders for product VELVETFRUIT_EXTRACT exceeded limit of 200 set",
25100,"
Orders for product VELVETFRUIT_EXTRACT exceeded limit of 200 set",
25200,"
Orders for product VELVETFRUIT_EXTRACT exceeded limit of 200 set",
25300,"
Orders for product VELVETFRUIT_EXTRACT exceeded limit of 200 set",
25400,"
Orders for product VELVETFRUIT_EXTRACT exceeded limit of 200 set",
25500,"
Orders for product VELVETFRUIT_EXTRACT exceeded limit of 200 set",
25600,"
Orders for product VELVETFRUIT_EXTRACT exceeded limit of 200 set",
25700,"
Orders for product VELVETFRUIT_EXTRACT exceeded limit of 200 set",
25800,"
Orders for product VELVETFRUIT_EXTRACT exceeded limit of 200 set",
25900,"
Orders for product VELVETFRUIT_EXTRACT exceeded limit of 200 set",
26000,"
Orders for product VELVETFRUIT_EXTRACT exceeded limit of 200 set",
26100,"
Orders for product VELVETFRUIT_EXTRACT exceeded limit of 200 set",
26200,"
Orders for product VELVETFRUIT_EXTRACT exceeded limit of 200 set",
26300,"
Orders for product VELVETFRUIT_EXTRACT exceeded limit of 200 set",
26400,"
Orders for product VELVETFRUIT_EXTRACT exceeded limit of 200 set",
26500,"
Orders for product VELVETFRUIT_EXTRACT exceeded limit of 200 set",
26600,"
Orders for product VELVETFRUIT_EXTRACT exceeded limit of 200 set",
26700,"
Orders for product VELVETFRUIT_EXTRACT exceeded limit of 200 set",
26800,"
Orders for product VELVETFRUIT_EXTRACT exceeded limit of 200 set",
26900,"
Orders for product VELVETFRUIT_EXTRACT exceeded limit of 200 set",
31400,"
Orders for product VELVETFRUIT_EXTRACT exceeded limit of 200 set",
40700,"
Orders for product VELVETFRUIT_EXTRACT exceeded limit of 200 set",
40800,"
Orders for product VELVETFRUIT_EXTRACT exceeded limit of 200 set",
40900,"
Orders for product VELVETFRUIT_EXTRACT exceeded limit of 200 set",
41000,"
Orders for product VELVETFRUIT_EXTRACT exceeded limit of 200 set",
41100,"
Orders for product VELVETFRUIT_EXTRACT exceeded limit of 200 set",
41200,"
Orders for product VELVETFRUIT_EXTRACT exceeded limit of 200 set",
41300,"
Orders for product VELVETFRUIT_EXTRACT exceeded limit of 200 set",
41400,"
Orders for product VELVETFRUIT_EXTRACT exceeded limit of 200 set",
41500,"
Orders for product VELVETFRUIT_EXTRACT exceeded limit of 200 set",
41600,"
Orders for product VELVETFRUIT_EXTRACT exceeded limit of 200 set",
41700,"
Orders for product VELVETFRUIT_EXTRACT exceeded limit of 200 set",
41800,"
Orders for product VELVETFRUIT_EXTRACT exceeded limit of 200 set",
41900,"
Orders for product VELVETFRUIT_EXTRACT exceeded limit of 200 set",
42000,"
Orders for product VELVETFRUIT_EXTRACT exceeded limit of 200 set",
42100,"
Orders for product VELVETFRUIT_EXTRACT exceeded limit of 200 set",
42200,"
Orders for product VELVETFRUIT_EXTRACT exceeded limit of 200 set",
42300,"
Orders for product VELVETFRUIT_EXTRACT exceeded limit of 200 set",
42400,"
Orders for product VELVETFRUIT_EXTRACT exceeded limit of 200 set",
42500,"
Orders for product VELVETFRUIT_EXTRACT exceeded limit of 200 set",
42600,"
Orders for product VELVETFRUIT_EXTRACT exceeded limit of 200 set",
42700,"
Orders for product VELVETFRUIT_EXTRACT exceeded limit of 200 set",
42800,"
Orders for product VELVETFRUIT_EXTRACT exceeded limit of 200 set",
42900,"
Orders for product VELVETFRUIT_EXTRACT exceeded limit of 200 set",
43000,"
Orders for product VELVETFRUIT_EXTRACT exceeded limit of 200 set",
43100,"
Orders for product VELVETFRUIT_EXTRACT exceeded limit of 200 set",
43200,"
Orders for product VELVETFRUIT_EXTRACT exceeded limit of 200 set",
43300,"
Orders for product VELVETFRUIT_EXTRACT exceeded limit of 200 set",
43400,"
Orders for product VELVETFRUIT_EXTRACT exceeded limit of 200 set",
43500,"
Orders for product VELVETFRUIT_EXTRACT exceeded limit of 200 set",
43600,"
Orders for product VELVETFRUIT_EXTRACT exceeded limit of 200 set",
43700,"
Orders for product VELVETFRUIT_EXTRACT exceeded limit of 200 set",
43800,"
Orders for product VELVETFRUIT_EXTRACT exceeded limit of 200 set",
43900,"
Orders for product VELVETFRUIT_EXTRACT exceeded limit of 200 set",
44000,"
Orders for product VELVETFRUIT_EXTRACT exceeded limit of 200 set",
44100,"
Orders for product VELVETFRUIT_EXTRACT exceeded limit of 200 set",
45000,"
Orders for product VELVETFRUIT_EXTRACT exceeded limit of 200 set",
45100,"
Orders for product VELVETFRUIT_EXTRACT exceeded limit of 200 set",
45600,"
Orders for product VELVETFRUIT_EXTRACT exceeded limit of 200 set",
45700,"
Orders for product VELVETFRUIT_EXTRACT exceeded limit of 200 set",
45800,"
Orders for product VELVETFRUIT_EXTRACT exceeded limit of 200 set",
47000,"
Orders for product VELVETFRUIT_EXTRACT exceeded limit of 200 set",
379300,"
Orders for product VELVETFRUIT_EXTRACT exceeded limit of 200 set",
379400,"
Orders for product VELVETFRUIT_EXTRACT exceeded limit of 200 set",
379500,"
Orders for product VELVETFRUIT_EXTRACT exceeded limit of 200 set",
379600,"
Orders for product VELVETFRUIT_EXTRACT exceeded limit of 200 set",
379700,"
Orders for product VELVETFRUIT_EXTRACT exceeded limit of 200 set",
379800,"
Orders for product VELVETFRUIT_EXTRACT exceeded limit of 200 set",
379900,"
Orders for product VELVETFRUIT_EXTRACT exceeded limit of 200 set",
380000,"
Orders for product VELVETFRUIT_EXTRACT exceeded limit of 200 set",
380400,"
Orders for product VELVETFRUIT_EXTRACT exceeded limit of 200 set",
380500,"
Orders for product VELVETFRUIT_EXTRACT exceeded limit of 200 set",
380600,"
Orders for product VELVETFRUIT_EXTRACT exceeded limit of 200 set",
380700,"
Orders for product VELVETFRUIT_EXTRACT exceeded limit of 200 set",
380800,"
Orders for product VELVETFRUIT_EXTRACT exceeded limit of 200 set",
380900,"
Orders for product VELVETFRUIT_EXTRACT exceeded limit of 200 set",
381000,"
Orders for product VELVETFRUIT_EXTRACT exceeded limit of 200 set",
381100,"
Orders for product VELVETFRUIT_EXTRACT exceeded limit of 200 set",
381200,"
Orders for product VELVETFRUIT_EXTRACT exceeded limit of 200 set",
381300,"
Orders for product VELVETFRUIT_EXTRACT exceeded limit of 200 set",
381400,"
Orders for product VELVETFRUIT_EXTRACT exceeded limit of 200 set",
381500,"
Orders for product VELVETFRUIT_EXTRACT exceeded limit of 200 set",
381600,"
Orders for product VELVETFRUIT_EXTRACT exceeded limit of 200 set",
381700,"
Orders for product VELVETFRUIT_EXTRACT exceeded limit of 200 set",
381800,"
Orders for product VELVETFRUIT_EXTRACT exceeded limit of 200 set",
381900,"
Orders for product VELVETFRUIT_EXTRACT exceeded limit of 200 set",
382000,"
Orders for product VELVETFRUIT_EXTRACT exceeded limit of 200 set",
382100,"
Orders for product VELVETFRUIT_EXTRACT exceeded limit of 200 set",
382200,"
Orders for product VELVETFRUIT_EXTRACT exceeded limit of 200 set",
382300,"
Orders for product VELVETFRUIT_EXTRACT exceeded limit of 200 set",
382400,"
Orders for product VELVETFRUIT_EXTRACT exceeded limit of 200 set",
382500,"
Orders for product VELVETFRUIT_EXTRACT exceeded limit of 200 set",
382600,"
Orders for product VELVETFRUIT_EXTRACT exceeded limit of 200 set",
382700,"
Orders for product VELVETFRUIT_EXTRACT exceeded limit of 200 set",
382800,"
Orders for product VELVETFRUIT_EXTRACT exceeded limit of 200 set",
382900,"
Orders for product VELVETFRUIT_EXTRACT exceeded limit of 200 set",
383000,"
Orders for product VELVETFRUIT_EXTRACT exceeded limit of 200 set",
383100,"
Orders for product VELVETFRUIT_EXTRACT exceeded limit of 200 set",
383200,"
Orders for product VELVETFRUIT_EXTRACT exceeded limit of 200 set",
383300,"
Orders for product VELVETFRUIT_EXTRACT exceeded limit of 200 set",
383400,"
Orders for product VELVETFRUIT_EXTRACT exceeded limit of 200 set",
430400,"
Orders for product VELVETFRUIT_EXTRACT exceeded limit of 200 set",
644400,"
Orders for product VELVETFRUIT_EXTRACT exceeded limit of 200 set",
644500,"
Orders for product VELVETFRUIT_EXTRACT exceeded limit of 200 set",
644600,"
Orders for product VELVETFRUIT_EXTRACT exceeded limit of 200 set",
644700,"
Orders for product VELVETFRUIT_EXTRACT exceeded limit of 200 set",
644800,"
Orders for product VELVETFRUIT_EXTRACT exceeded limit of 200 set",
644900,"
Orders for product VELVETFRUIT_EXTRACT exceeded limit of 200 set",
645000,"
Orders for product VELVETFRUIT_EXTRACT exceeded limit of 200 set",
645100,"
Orders for product VELVETFRUIT_EXTRACT exceeded limit of 200 set",
645200,"
Orders for product VELVETFRUIT_EXTRACT exceeded limit of 200 set",
645300,"
Orders for product VELVETFRUIT_EXTRACT exceeded limit of 200 set",
645400,"
Orders for product VELVETFRUIT_EXTRACT exceeded limit of 200 set",
645500,"
Orders for product VELVETFRUIT_EXTRACT exceeded limit of 200 set",
645600,"
Orders for product VELVETFRUIT_EXTRACT exceeded limit of 200 set",
645700,"
Orders for product VELVETFRUIT_EXTRACT exceeded limit of 200 set",
645800,"
Orders for product VELVETFRUIT_EXTRACT exceeded limit of 200 set",
645900,"
Orders for product VELVETFRUIT_EXTRACT exceeded limit of 200 set",
646000,"
Orders for product VELVETFRUIT_EXTRACT exceeded limit of 200 set",
646100,"
Orders for product VELVETFRUIT_EXTRACT exceeded limit of 200 set",
646200,"
Orders for product VELVETFRUIT_EXTRACT exceeded limit of 200 set",
646300,"
Orders for product VELVETFRUIT_EXTRACT exceeded limit of 200 set",
646400,"
Orders for product VELVETFRUIT_EXTRACT exceeded limit of 200 set",
646500,"
Orders for product VELVETFRUIT_EXTRACT exceeded limit of 200 set",
646700,"
Orders for product VELVETFRUIT_EXTRACT exceeded limit of 200 set",
647000,"
Orders for product VELVETFRUIT_EXTRACT exceeded limit of 200 set",
647100,"
Orders for product VELVETFRUIT_EXTRACT exceeded limit of 200 set",
647200,"
Orders for product VELVETFRUIT_EXTRACT exceeded limit of 200 set",
647300,"
Orders for product VELVETFRUIT_EXTRACT exceeded limit of 200 set",
647400,"
Orders for product VELVETFRUIT_EXTRACT exceeded limit of 200 set",
647500,"
Orders for product VELVETFRUIT_EXTRACT exceeded limit of 200 set",
647600,"
Orders for product VELVETFRUIT_EXTRACT exceeded limit of 200 set",
647800,"
Orders for product VELVETFRUIT_EXTRACT exceeded limit of 200 set",
647900,"
Orders for product VELVETFRUIT_EXTRACT exceeded limit of 200 set",
648100,"
Orders for product VELVETFRUIT_EXTRACT exceeded limit of 200 set",
648200,"
Orders for product VELVETFRUIT_EXTRACT exceeded limit of 200 set",
648300,"
Orders for product VELVETFRUIT_EXTRACT exceeded limit of 200 set",
648400,"
Orders for product VELVETFRUIT_EXTRACT exceeded limit of 200 set",
651500,"
Orders for product VELVETFRUIT_EXTRACT exceeded limit of 200 set",
651800,"
Orders for product VELVETFRUIT_EXTRACT exceeded limit of 200 set",
652100,"
Orders for product VELVETFRUIT_EXTRACT exceeded limit of 200 set",
652200,"
Orders for product VELVETFRUIT_EXTRACT exceeded limit of 200 set",
659900,"
Orders for product VELVETFRUIT_EXTRACT exceeded limit of 200 set",
905600,"
Orders for product VELVETFRUIT_EXTRACT exceeded limit of 200 set",
905700,"
Orders for product VELVETFRUIT_EXTRACT exceeded limit of 200 set",
905800,"
Orders for product VELVETFRUIT_EXTRACT exceeded limit of 200 set",
905900,"
Orders for product VELVETFRUIT_EXTRACT exceeded limit of 200 set",
906000,"
Orders for product VELVETFRUIT_EXTRACT exceeded limit of 200 set",
906100,"
Orders for product VELVETFRUIT_EXTRACT exceeded limit of 200 set",
906200,"
Orders for product VELVETFRUIT_EXTRACT exceeded limit of 200 set",
906300,"
Orders for product VELVETFRUIT_EXTRACT exceeded limit of 200 set",
906400,"
Orders for product VELVETFRUIT_EXTRACT exceeded limit of 200 set",
906500,"
Orders for product VELVETFRUIT_EXTRACT exceeded limit of 200 set",
906600,"
Orders for product VELVETFRUIT_EXTRACT exceeded limit of 200 set",
906700,"
Orders for product VELVETFRUIT_EXTRACT exceeded limit of 200 set",
906800,"
Orders for product VELVETFRUIT_EXTRACT exceeded limit of 200 set",
906900,"
Orders for product VELVETFRUIT_EXTRACT exceeded limit of 200 set",
907000,"
Orders for product VELVETFRUIT_EXTRACT exceeded limit of 200 set",
907100,"
Orders for product VELVETFRUIT_EXTRACT exceeded limit of 200 set",
907200,"
Orders for product VELVETFRUIT_EXTRACT exceeded limit of 200 set",
948000,"
Orders for product VELVETFRUIT_EXTRACT exceeded limit of 200 set",
948200,"
Orders for product VELVETFRUIT_EXTRACT exceeded limit of 200 set",
948300,"
Orders for product VELVETFRUIT_EXTRACT exceeded limit of 200 set",
948400,"
Orders for product VELVETFRUIT_EXTRACT exceeded limit of 200 set",
948500,"
Orders for product VELVETFRUIT_EXTRACT exceeded limit of 200 set",
948600,"
Orders for product VELVETFRUIT_EXTRACT exceeded limit of 200 set",
948700,"
Orders for product VELVETFRUIT_EXTRACT exceeded limit of 200 set",
948800,"
Orders for product VELVETFRUIT_EXTRACT exceeded limit of 200 set",
948900,"
Orders for product VELVETFRUIT_EXTRACT exceeded limit of 200 set",
949100,"
Orders for product VELVETFRUIT_EXTRACT exceeded limit of 200 set",
949200,"
Orders for product VELVETFRUIT_EXTRACT exceeded limit of 200 set",
949300,"
Orders for product VELVETFRUIT_EXTRACT exceeded limit of 200 set",
949400,"
Orders for product VELVETFRUIT_EXTRACT exceeded limit of 200 set",
949500,"
Orders for product VELVETFRUIT_EXTRACT exceeded limit of 200 set",
976800,"
Orders for product VELVETFRUIT_EXTRACT exceeded limit of 200 set",
976900,"
Orders for product VELVETFRUIT_EXTRACT exceeded limit of 200 set",
977000,"
Orders for product VELVETFRUIT_EXTRACT exceeded limit of 200 set",
977100,"
Orders for product VELVETFRUIT_EXTRACT exceeded limit of 200 set",
977200,"
Orders for product VELVETFRUIT_EXTRACT exceeded limit of 200 set",
977300,"
Orders for product VELVETFRUIT_EXTRACT exceeded limit of 200 set",
977400,"
Orders for product VELVETFRUIT_EXTRACT exceeded limit of 200 set",
977500,"
Orders for product VELVETFRUIT_EXTRACT exceeded limit of 200 set",
977600,"
Orders for product VELVETFRUIT_EXTRACT exceeded limit of 200 set",
977700,"
Orders for product VELVETFRUIT_EXTRACT exceeded limit of 200 set",
977800,"
Orders for product VELVETFRUIT_EXTRACT exceeded limit of 200 set",
977900,"
Orders for product VELVETFRUIT_EXTRACT exceeded limit of 200 set",
978000,"
Orders for product VELVETFRUIT_EXTRACT exceeded limit of 200 set",
978100,"
Orders for product VELVETFRUIT_EXTRACT exceeded limit of 200 set",
978200,"
Orders for product VELVETFRUIT_EXTRACT exceeded limit of 200 set",
978300,"
Orders for product VELVETFRUIT_EXTRACT exceeded limit of 200 set",
978400,"
Orders for product VELVETFRUIT_EXTRACT exceeded limit of 200 set",
978500,"
Orders for product VELVETFRUIT_EXTRACT exceeded limit of 200 set",
978600,"
Orders for product VELVETFRUIT_EXTRACT exceeded limit of 200 set",
978700,"
Orders for product VELVETFRUIT_EXTRACT exceeded limit of 200 set",
978800,"
Orders for product VELVETFRUIT_EXTRACT exceeded limit of 200 set",
978900,"
Orders for product VELVETFRUIT_EXTRACT exceeded limit of 200 set",
979000,"
Orders for product VELVETFRUIT_EXTRACT exceeded limit of 200 set",
979100,"
Orders for product VELVETFRUIT_EXTRACT exceeded limit of 200 set",
979200,"
Orders for product VELVETFRUIT_EXTRACT exceeded limit of 200 set",
979300,"
Orders for product VELVETFRUIT_EXTRACT exceeded limit of 200 set",
979400,"
Orders for product VELVETFRUIT_EXTRACT exceeded limit of 200 set",
979500,"
Orders for product VELVETFRUIT_EXTRACT exceeded limit of 200 set",
979600,"
Orders for product VELVETFRUIT_EXTRACT exceeded limit of 200 set",
979700,"
Orders for product VELVETFRUIT_EXTRACT exceeded limit of 200 set",
979800,"
Orders for product VELVETFRUIT_EXTRACT exceeded limit of 200 set",
979900,"
Orders for product VELVETFRUIT_EXTRACT exceeded limit of 200 set",
980000,"
Orders for product VELVETFRUIT_EXTRACT exceeded limit of 200 set",
980100,"
Orders for product VELVETFRUIT_EXTRACT exceeded limit of 200 set",
980200,"
Orders for product VELVETFRUIT_EXTRACT exceeded limit of 200 set",
980300,"
Orders for product VELVETFRUIT_EXTRACT exceeded limit of 200 set",
980400,"
Orders for product VELVETFRUIT_EXTRACT exceeded limit of 200 set",
980500,"
Orders for product VELVETFRUIT_EXTRACT exceeded limit of 200 set",
980600,"
Orders for product VELVETFRUIT_EXTRACT exceeded limit of 200 set",
980700,"
Orders for product VELVETFRUIT_EXTRACT exceeded limit of 200 set",
980800,"
Orders for product VELVETFRUIT_EXTRACT exceeded limit of 200 set",
980900,"
Orders for product VELVETFRUIT_EXTRACT exceeded limit of 200 set",
981000,"
Orders for product VELVETFRUIT_EXTRACT exceeded limit of 200 set",
981100,"
Orders for product VELVETFRUIT_EXTRACT exceeded limit of 200 set",
981200,"
Orders for product VELVETFRUIT_EXTRACT exceeded limit of 200 set",
981300,"
Orders for product VELVETFRUIT_EXTRACT exceeded limit of 200 set",
981400,"
Orders for product VELVETFRUIT_EXTRACT exceeded limit of 200 set",
981500,"
Orders for product VELVETFRUIT_EXTRACT exceeded limit of 200 set",
981600,"
Orders for product VELVETFRUIT_EXTRACT exceeded limit of 200 set",
981700,"
Orders for product VELVETFRUIT_EXTRACT exceeded limit of 200 set",
983200,"
Orders for product VELVETFRUIT_EXTRACT exceeded limit of 200 set",
987100,"
Orders for product VELVETFRUIT_EXTRACT exceeded limit of 200 set",
987200,"
Orders for product VELVETFRUIT_EXTRACT exceeded limit of 200 set",
